slug,es_slug,group,title,description,h1,hero_image,has_es_version,has_faq,section_count,en_url,es_url
meet-venezuelan-women,conocer-mujeres-venezolanas,core,Meet Venezuelan Women for Serious Relationships | MatchVenezuelan,"Connect with verified, marriage-minded Venezuelan women on a safe bilingual platform built for genuine long-term relationships.",Meet Venezuelan Women for Serious Relationships,https://images.unsplash.com/photo-1516589178581-6cd7833ae3b2?w=1200&q=80,yes,yes,6,https://matchvenezuelan.com/meet-venezuelan-women,https://matchvenezuelan.com/es/conocer-mujeres-venezolanas
venezuelan-dating-site,sitio-de-citas-venezolanas,core,"Venezuelan Dating Site -- Safe, Verified & Bilingual | MatchVenezuelan","MatchVenezuelan is a safe, bilingual Venezuelan dating site with verified profiles, anti-scam protections, and a focus on serious relationships.","Venezuelan Dating Site -- Safe, Verified & Bilingual",https://images.unsplash.com/photo-1611532736597-de2d4265fba3?w=1200&q=80,yes,yes,6,https://matchvenezuelan.com/venezuelan-dating-site,https://matchvenezuelan.com/es/sitio-de-citas-venezolanas
venezuelan-women-for-marriage,mujeres-venezolanas-para-matrimonio,core,Venezuelan Women for Marriage -- Find a Serious Partner | MatchVenezuelan,"Meet marriage-minded Venezuelan women who value family, loyalty, and commitment on a verified, bilingual dating platform.",Venezuelan Women for Marriage -- Find a Serious Partner,https://images.unsplash.com/photo-1515934751635-c81c6bc9a2d8?w=1200&q=80,yes,yes,6,https://matchvenezuelan.com/venezuelan-women-for-marriage,https://matchvenezuelan.com/es/mujeres-venezolanas-para-matrimonio
why-venezuelan-women,por-que-mujeres-venezolanas,core,Why Venezuelan Women Make Wonderful Long-Term Partners | MatchVenezuelan,"Discover why Venezuelan women are valued as long-term partners: strong family values, warmth, bilingualism, and deep cultural roots.",Why Venezuelan Women Make Wonderful Long-Term Partners,https://images.unsplash.com/photo-1524850011238-e3d235c7d4c9?w=1200&q=80,yes,yes,8,https://matchvenezuelan.com/why-venezuelan-women,https://matchvenezuelan.com/es/por-que-mujeres-venezolanas
dating-in-venezuela-safely,citas-en-venezuela-con-seguridad,core,Dating in Venezuela Safely -- What You Need to Know | MatchVenezuelan,"Learn how to navigate online cross-cultural dating safely, spot romance scams, and use MatchVenezuelan's verification and anti-scam protections.",Dating in Venezuela Safely -- What You Need to Know,https://images.unsplash.com/photo-1508214751196-bcfd4ca60f91?w=1200&q=80,yes,yes,6,https://matchvenezuelan.com/dating-in-venezuela-safely,https://matchvenezuelan.com/es/citas-en-venezuela-con-seguridad
venezuelan-women-family-values,valores-familiares-venezolanas,core,Venezuelan Women and Family Values -- A Cultural Guide | MatchVenezuelan,"Understand how Venezuelan family culture shapes relationships, what members seek in partners, and how family values influence dating on MatchVenezuelan.",Venezuelan Women and Family Values -- A Cultural Guide,https://images.unsplash.com/photo-1502780402662-acc01917b0fb?w=1200&q=80,yes,yes,6,https://matchvenezuelan.com/venezuelan-women-family-values,https://matchvenezuelan.com/es/valores-familiares-venezolanas
venezuelan-women-in-united-states,mujeres-venezolanas-en-estados-unidos,country,Venezuelan Women in the United States | MatchVenezuelan,"Connect with Venezuelan women living in the US. Large diaspora communities in Florida, Texas, and New York make meaningful connections easier.",Venezuelan Women in the United States,https://images.unsplash.com/photo-1534430480872-3498386e7856?w=1200&q=80,yes,yes,4,https://matchvenezuelan.com/venezuelan-women-in-united-states,https://matchvenezuelan.com/es/mujeres-venezolanas-en-estados-unidos
venezuelan-women-in-canada,mujeres-venezolanas-en-canada,country,Venezuelan Women in Canada | MatchVenezuelan,"Meet Venezuelan women in Canada for serious relationships. Connect with marriage-minded Venezuelan women in Toronto, Montreal, and Calgary.",Venezuelan Women in Canada,https://images.unsplash.com/photo-1517935706615-2717063c2225?w=1200&q=80,yes,no,4,https://matchvenezuelan.com/venezuelan-women-in-canada,https://matchvenezuelan.com/es/mujeres-venezolanas-en-canada
venezuelan-women-in-united-kingdom,mujeres-venezolanas-en-reino-unido,country,Venezuelan Women in the United Kingdom | MatchVenezuelan,"Connect with Venezuelan women in the UK. Meet marriage-minded Venezuelan women in London, Manchester, and Birmingham on a verified platform.",Venezuelan Women in the United Kingdom,https://images.unsplash.com/photo-1513635269975-59663e0ac1ad?w=1200&q=80,yes,no,4,https://matchvenezuelan.com/venezuelan-women-in-united-kingdom,https://matchvenezuelan.com/es/mujeres-venezolanas-en-reino-unido
venezuelan-women-in-spain,mujeres-venezolanas-en-espana,country,Venezuelan Women in Spain | MatchVenezuelan,Connect with Venezuelan women in Spain. The shared language and one of the largest Venezuelan diaspora populations make Spain a natural connection point.,Venezuelan Women in Spain,https://images.unsplash.com/photo-1543783207-ec64e4d95325?w=1200&q=80,yes,no,4,https://matchvenezuelan.com/venezuelan-women-in-spain,https://matchvenezuelan.com/es/mujeres-venezolanas-en-espana
venezuelan-women-in-australia,mujeres-venezolanas-en-australia,country,Venezuelan Women in Australia | MatchVenezuelan,"Meet Venezuelan women in Australia for serious relationships. Navigate time zones and build lasting connections with verified, family-oriented members.",Venezuelan Women in Australia,https://images.unsplash.com/photo-1523482580672-f109ba8cb9be?w=1200&q=80,yes,no,4,https://matchvenezuelan.com/venezuelan-women-in-australia,https://matchvenezuelan.com/es/mujeres-venezolanas-en-australia
venezuelan-women-in-miami,mujeres-venezolanas-en-miami,city,Venezuelan Women in Miami | MatchVenezuelan,"Meet Venezuelan women in Miami, home to one of the largest Venezuelan communities in the US. Verified profiles, serious relationships, bilingual platform.",Venezuelan Women in Miami,https://images.unsplash.com/photo-1535498730771-e735b998cd64?w=1200&q=80,yes,yes,4,https://matchvenezuelan.com/venezuelan-women-in-miami,https://matchvenezuelan.com/es/mujeres-venezolanas-en-miami
venezuelan-women-in-houston,mujeres-venezolanas-en-houston,city,Venezuelan Women in Houston | MatchVenezuelan,"Meet Venezuelan women in Houston, Texas. A diverse metro with a growing Venezuelan community and strong Latin cultural ties.",Venezuelan Women in Houston,https://images.unsplash.com/photo-1575891483527-57ba5f55c8c2?w=1200&q=80,yes,no,4,https://matchvenezuelan.com/venezuelan-women-in-houston,https://matchvenezuelan.com/es/mujeres-venezolanas-en-houston
venezuelan-women-in-los-angeles,mujeres-venezolanas-en-los-angeles,city,Venezuelan Women in Los Angeles | MatchVenezuelan,"Meet Venezuelan women in Los Angeles and Southern California. Connect with verified, marriage-minded members in the LA metro area.",Venezuelan Women in Los Angeles,https://images.unsplash.com/photo-1580655653885-65763b2597d0?w=1200&q=80,yes,no,4,https://matchvenezuelan.com/venezuelan-women-in-los-angeles,https://matchvenezuelan.com/es/mujeres-venezolanas-en-los-angeles
venezuelan-women-in-new-york,mujeres-venezolanas-en-nueva-york,city,Venezuelan Women in New York | MatchVenezuelan,"Meet Venezuelan women in New York City and the tri-state area. Connect with verified members for serious, marriage-minded relationships.",Venezuelan Women in New York,https://images.unsplash.com/photo-1541336032412-2048a678540d?w=1200&q=80,yes,no,4,https://matchvenezuelan.com/venezuelan-women-in-new-york,https://matchvenezuelan.com/es/mujeres-venezolanas-en-nueva-york
venezuelan-women-in-madrid,,city,Venezuelan Women in Madrid | MatchVenezuelan,"Meet Venezuelan women in Madrid, Spain. One of the largest Venezuelan diaspora communities in Europe, with shared language and cultural ties.",Venezuelan Women in Madrid,https://images.unsplash.com/photo-1543783207-ec64e4d95325?w=1200&q=80,no,no,2,https://matchvenezuelan.com/venezuelan-women-in-madrid,
venezuelan-women-in-barcelona,,city,Venezuelan Women in Barcelona | MatchVenezuelan,"Connect with Venezuelan women in Barcelona, Spain. A vibrant diaspora community in one of Europe's most cosmopolitan cities.",Venezuelan Women in Barcelona,https://images.unsplash.com/photo-1539037116277-4db20889f2d4?w=1200&q=80,no,no,2,https://matchvenezuelan.com/venezuelan-women-in-barcelona,
travel-to-meet-venezuelan-women,,travel,"Travel to Meet Venezuelan Women -- Planning a Safe, Respectful Trip | MatchVenezuelan","Planning to travel to meet a Venezuelan woman? Learn how to prepare safely, build trust online first, and approach in-person meetings with respect.","Travel to Meet Venezuelan Women -- Planning a Safe, Respectful Trip",https://images.unsplash.com/photo-1488646953014-85cb44e25828?w=1200&q=80,no,yes,3,https://matchvenezuelan.com/travel-to-meet-venezuelan-women,
visit-venezuela-for-dating,,travel,Visit Venezuela for Dating -- Building Trust Before Meeting | MatchVenezuelan,"Considering a visit to Venezuela to meet someone? Learn how to build trust first, plan responsibly, and ensure safety for both parties.",Visit Venezuela for Dating -- Building Trust Before Meeting,https://images.unsplash.com/photo-1526498460520-4c246339dccb?w=1200&q=80,no,no,3,https://matchvenezuelan.com/visit-venezuela-for-dating,
venezuelan-dating-culture,,intent,Understanding Venezuelan Dating Culture | MatchVenezuelan,"Learn about Venezuelan courtship norms, family expectations, communication styles, and what to know before connecting with a Venezuelan partner.",Understanding Venezuelan Dating Culture,https://images.unsplash.com/photo-1516589178581-6cd7833ae3b2?w=1200&q=80,no,yes,4,https://matchvenezuelan.com/venezuelan-dating-culture,
serious-relationship-venezuelan-woman,,intent,Building a Serious Relationship with a Venezuelan Woman | MatchVenezuelan,"Learn what serious intent looks like on MatchVenezuelan, how both sides are screened, and practical guidance for long-distance cross-cultural relationships.",Building a Serious Relationship with a Venezuelan Woman,https://images.unsplash.com/photo-1515934751635-c81c6bc9a2d8?w=1200&q=80,no,no,4,https://matchvenezuelan.com/serious-relationship-venezuelan-woman,
verified-venezuelan-dating-profiles,,intent,Verified Venezuelan Dating Profiles -- Trust & Safety First | MatchVenezuelan,"Learn how MatchVenezuelan verifies profiles, prevents scams, and builds trust through identity confirmation, moderation, and behavioral monitoring.",Verified Venezuelan Dating Profiles -- Trust & Safety First,https://images.unsplash.com/photo-1508214751196-bcfd4ca60f91?w=1200&q=80,no,yes,4,https://matchvenezuelan.com/verified-venezuelan-dating-profiles,
venezuelan-women-in-dallas,mujeres-venezolanas-en-dallas,city,"Meet Venezuelan Women in Dallas, TX",Dallas has a growing Venezuelan community. Find genuine Venezuelan women in the DFW metroplex through MatchVenezuelan — the dating platform built for meaningful connections.,"Venezuelan Women in Dallas, Texas",https://images.unsplash.com/photo-1575891483527-57ba5f55c8c2?w=1200&q=80,yes,yes,3,https://matchvenezuelan.com/venezuelan-women-in-dallas,https://matchvenezuelan.com/es/mujeres-venezolanas-en-dallas
venezuelan-women-in-orlando,mujeres-venezolanas-en-orlando,city,"Meet Venezuelan Women in Orlando, FL","Orlando's Venezuelan community is vibrant and welcoming. Connect with Venezuelan women in Central Florida through MatchVenezuelan — verified profiles, real connections.","Venezuelan Women in Orlando, Florida",https://images.unsplash.com/photo-1535498730771-e735b998cd64?w=1200&q=80,yes,yes,3,https://matchvenezuelan.com/venezuelan-women-in-orlando,https://matchvenezuelan.com/es/mujeres-venezolanas-en-orlando
venezuelan-women-in-atlanta,,city,"Meet Venezuelan Women in Atlanta, GA","Atlanta's Latin population is booming — including a significant Venezuelan community. Find Venezuelan women in Atlanta through MatchVenezuelan for authentic, serious connections.","Venezuelan Women in Atlanta, Georgia",https://images.unsplash.com/photo-1534430480872-3498386e7856?w=1200&q=80,no,yes,3,https://matchvenezuelan.com/venezuelan-women-in-atlanta,
venezuelan-women-in-chicago,,city,"Meet Venezuelan Women in Chicago, IL","Chicago's diverse Latin community includes a growing Venezuelan population. Connect with Venezuelan women in Chicago through MatchVenezuelan — real profiles, genuine relationships.","Venezuelan Women in Chicago, Illinois",https://images.unsplash.com/photo-1477959858617-67f85cf4f1df?w=1200&q=80,no,yes,3,https://matchvenezuelan.com/venezuelan-women-in-chicago,
venezuelan-women-in-washington-dc,,city,Meet Venezuelan Women in Washington DC,Washington DC's policy community and diverse Latin population include many Venezuelan professionals. Find Venezuelan women in DC through MatchVenezuelan.,Venezuelan Women in Washington DC,https://images.unsplash.com/photo-1501466044931-62695aada8e9?w=1200&q=80,no,yes,3,https://matchvenezuelan.com/venezuelan-women-in-washington-dc,
venezuelan-women-in-boston,,city,"Meet Venezuelan Women in Boston, MA","Boston's university and healthcare sectors have drawn Venezuelan professionals. Find Venezuelan women in Boston through MatchVenezuelan for genuine, lasting connections.","Venezuelan Women in Boston, Massachusetts",https://images.unsplash.com/photo-1508193638397-1c4234db14d8?w=1200&q=80,no,yes,3,https://matchvenezuelan.com/venezuelan-women-in-boston,
venezuelan-women-in-santiago,mujeres-venezolanas-en-santiago,city,"Meet Venezuelan Women in Santiago, Chile",Santiago hosts one of the largest Venezuelan diaspora communities in South America. Connect with Venezuelan women in Chile through MatchVenezuelan for authentic relationships.,"Venezuelan Women in Santiago, Chile",https://images.unsplash.com/photo-1556040220-4096d522378d?w=1200&q=80,yes,yes,3,https://matchvenezuelan.com/venezuelan-women-in-santiago,https://matchvenezuelan.com/es/mujeres-venezolanas-en-santiago
venezuelan-women-in-lima,mujeres-venezolanas-en-lima,city,"Meet Venezuelan Women in Lima, Peru","Lima hosts hundreds of thousands of Venezuelan women who've built lives in Peru. Connect through MatchVenezuelan for meaningful, lasting relationships.","Venezuelan Women in Lima, Peru",https://images.unsplash.com/photo-1526506118085-60122a8a5d6d?w=1200&q=80,yes,yes,3,https://matchvenezuelan.com/venezuelan-women-in-lima,https://matchvenezuelan.com/es/mujeres-venezolanas-en-lima
venezuelan-women-in-bogota,mujeres-venezolanas-en-bogota,city,"Meet Venezuelan Women in Bogotá, Colombia","Bogotá has received millions of Venezuelan migrants. Find Venezuelan women in Colombia through MatchVenezuelan — authentic profiles, meaningful relationships.","Venezuelan Women in Bogotá, Colombia",https://images.unsplash.com/photo-1526498460520-4c246339dccb?w=1200&q=80,yes,yes,3,https://matchvenezuelan.com/venezuelan-women-in-bogota,https://matchvenezuelan.com/es/mujeres-venezolanas-en-bogota
venezuelan-women-in-buenos-aires,,city,"Meet Venezuelan Women in Buenos Aires, Argentina",Buenos Aires has a growing Venezuelan expat community among its cosmopolitan population. Find Venezuelan women in Argentina through MatchVenezuelan.,"Venezuelan Women in Buenos Aires, Argentina",https://images.unsplash.com/photo-1516285946271-e0bb9c66e6b2?w=1200&q=80,no,yes,3,https://matchvenezuelan.com/venezuelan-women-in-buenos-aires,
venezuelan-women-in-panama-city,mujeres-venezolanas-en-ciudad-de-panama,city,Meet Venezuelan Women in Panama City,Panama City is a major transit and destination hub for Venezuelan women. Connect through MatchVenezuelan for authentic relationships in one of Latin America's most dynamic cities.,"Venezuelan Women in Panama City, Panama",https://images.unsplash.com/photo-1558642452-9d2a7deb7f62?w=1200&q=80,yes,yes,3,https://matchvenezuelan.com/venezuelan-women-in-panama-city,https://matchvenezuelan.com/es/mujeres-venezolanas-en-ciudad-de-panama
venezuelan-women-in-caracas,mujeres-venezolanas-en-caracas,city,Meet Venezuelan Women in Caracas,Caracas is home to thousands of Venezuelan women ready for meaningful relationships. Join MatchVenezuelan to connect with verified men who respect and admire Venezuelan culture.,Venezuelan Women in Caracas,https://images.unsplash.com/photo-1526498460520-4c246339dccb?w=1200&q=80,yes,yes,6,https://matchvenezuelan.com/venezuelan-women-in-caracas,https://matchvenezuelan.com/es/mujeres-venezolanas-en-caracas
venezuelan-women-in-maracaibo,mujeres-venezolanas-en-maracaibo,city,Meet Venezuelan Women in Maracaibo,"Maracaibo's Venezuelan women are known for their warmth, beauty, and strong character. Join MatchVenezuelan to connect with serious men who appreciate everything Maracucha women bring.",Venezuelan Women in Maracaibo,https://images.unsplash.com/photo-1524850011238-e3d235c7d4c9?w=1200&q=80,yes,yes,3,https://matchvenezuelan.com/venezuelan-women-in-maracaibo,https://matchvenezuelan.com/es/mujeres-venezolanas-en-maracaibo
venezuelan-women-in-valencia-venezuela,mujeres-venezolanas-en-valencia,city,"Meet Venezuelan Women in Valencia, Venezuela","Valencia is Venezuela's industrial heartland and home to thousands of accomplished Venezuelan women. Join MatchVenezuelan to find a genuine, lasting connection.","Venezuelan Women in Valencia, Venezuela",https://images.unsplash.com/photo-1526498460520-4c246339dccb?w=1200&q=80,yes,yes,3,https://matchvenezuelan.com/venezuelan-women-in-valencia-venezuela,https://matchvenezuelan.com/es/mujeres-venezolanas-en-valencia
venezuelan-women-in-barquisimeto,mujeres-venezolanas-en-barquisimeto,city,Meet Venezuelan Women in Barquisimeto,"Barquisimeto — the musical capital of Venezuela — is home to warm, vibrant Venezuelan women. Join MatchVenezuelan and connect with serious men who appreciate Venezuelan culture.",Venezuelan Women in Barquisimeto,https://images.unsplash.com/photo-1524850011238-e3d235c7d4c9?w=1200&q=80,yes,yes,3,https://matchvenezuelan.com/venezuelan-women-in-barquisimeto,https://matchvenezuelan.com/es/mujeres-venezolanas-en-barquisimeto
venezuelan-women-in-maracay,mujeres-venezolanas-en-maracay,city,Meet Venezuelan Women in Maracay,"Maracay — the Garden City of Venezuela — is home to vibrant, warm Venezuelan women ready for real connections. Join MatchVenezuelan today.",Venezuelan Women in Maracay,https://images.unsplash.com/photo-1526498460520-4c246339dccb?w=1200&q=80,yes,yes,3,https://matchvenezuelan.com/venezuelan-women-in-maracay,https://matchvenezuelan.com/es/mujeres-venezolanas-en-maracay
venezuelan-women-in-merida,mujeres-venezolanas-en-merida,city,Meet Venezuelan Women in Mérida,"Mérida — Venezuela's university city in the Andes — is home to intellectual, adventurous Venezuelan women. Join MatchVenezuelan for real connections.",Venezuelan Women in Mérida,https://images.unsplash.com/photo-1551884831-bbf3cdc6469e?w=1200&q=80,yes,yes,2,https://matchvenezuelan.com/venezuelan-women-in-merida,https://matchvenezuelan.com/es/mujeres-venezolanas-en-merida
venezuelan-women-in-ciudad-guayana,,city,Meet Venezuelan Women in Ciudad Guayana,"Ciudad Guayana — Venezuela's industrial eastern city — is home to resilient, hardworking Venezuelan women ready for meaningful relationships. Join MatchVenezuelan.",Venezuelan Women in Ciudad Guayana,https://images.unsplash.com/photo-1526498460520-4c246339dccb?w=1200&q=80,no,yes,3,https://matchvenezuelan.com/venezuelan-women-in-ciudad-guayana,
venezuelan-women-in-maturin,,city,Meet Venezuelan Women in Maturín,"Maturín — Venezuela's oil capital in Monagas state — is home to warm, strong Venezuelan women ready for genuine connections. Join MatchVenezuelan.",Venezuelan Women in Maturín,https://images.unsplash.com/photo-1526498460520-4c246339dccb?w=1200&q=80,no,yes,3,https://matchvenezuelan.com/venezuelan-women-in-maturin,
